Nazwa;Identyfikator;Status;Właściciel;Rodzaj;Rok
Sprawozdanie MZ-49 2016;MZ49/0003164/PSSE/2016/2;robocze;PSSE Białystok;MZ_49;2016
Sprawozdanie MZ-49 2016;MZ49/0003163/PSSE/2016/2;zamknięte;PSSE Bielsk Podlaski;MZ_49;2016
Sprawozdanie MZ-49 2016;MZ49/0003132/PSSE/2016/2;zamknięte;PSSE Biłgoraj;MZ_49;2016
Sprawozdanie MZ-49 2016;MZ49/0003091/PSSE/2016/2;zamknięte;PSSE Bochnia;MZ_49;2016
Sprawozdanie MZ-49 2016;MZ49/0003112/PSSE/2016/2;zamknięte;PSSE Braniewo;MZ_49;2016
Sprawozdanie MZ-49 2016;MZ49/0003051/PSSE/2016/2;zamknięte;PSSE Brodnica;MZ_49;2016
Sprawozdanie MZ-49 2016;MZ49/0003083/PSSE/2016/2;zamknięte;PSSE Brzesko;MZ_49;2016
Sprawozdanie MZ-49 2016;MZ49/0003013/PSSE/2016/2;zamknięte;PSSE Brzeziny;MZ_49;2016
Sprawozdanie MZ-49 2016;MZ49/0003041/PSSE/2016/2;zamknięte;PSSE Bydgoszcz;MZ_49;2016
Sprawozdanie MZ-49 2016;MZ49/0003293/PSSE/2016/2;zamknięte;PSSE Bytom;MZ_49;2016
Sprawozdanie MZ-49 2016;MZ49/0003040/PSSE/2016/2;zamknięte;PSSE Chełmno;MZ_49;2016
Sprawozdanie MZ-49 2016;MZ49/0003220/PSSE/2016/2;zamknięte;PSSE Choszczno;MZ_49;2016
Sprawozdanie MZ-49 2016;MZ49/0003082/PSSE/2016/2;zamknięte;PSSE Chrzanów;MZ_49;2016
Sprawozdanie MZ-49 2016;MZ49/0003219/PSSE/2016/2;zamknięte;PSSE Drawsko Pomorskie;MZ_49;2016
Sprawozdanie MZ-49 2016;MZ49/0003003/PSSE/2016/2;zamknięte;PSSE Drezdenko;MZ_49;2016
Sprawozdanie MZ-49 2016;MZ49/0003081/PSSE/2016/2;zamknięte;PSSE Dąbrowa Tarnowska;MZ_49;2016
Sprawozdanie MZ-49 2016;MZ49/0003058/PSSE/2016/2;zamknięte;PSSE Dębica;MZ_49;2016
Sprawozdanie MZ-49 2016;MZ49/0003100/PSSE/2016/2;zamknięte;PSSE Elbląg;MZ_49;2016
Sprawozdanie MZ-49 2016;MZ49/0003141/PSSE/2016/2;zamknięte;PSSE Gdańsk;MZ_49;2016
Sprawozdanie MZ-49 2016;MZ49/0003146/PSSE/2016/2;zamknięte;PSSE Gdynia;MZ_49;2016
Sprawozdanie MZ-49 2016;MZ49/0003218/PSSE/2016/2;zamknięte;PSSE Goleniów;MZ_49;2016
Sprawozdanie MZ-49 2016;MZ49/0003039/PSSE/2016/2;zamknięte;PSSE Golub-Dobrzyń;MZ_49;2016
Sprawozdanie MZ-49 2016;MZ49/0003080/PSSE/2016/2;zamknięte;PSSE Gorlice;MZ_49;2016
Sprawozdanie MZ-49 2016;MZ49/0003002/PSSE/2016/2;zamknięte;PSSE Gorzów Wielkopolski;MZ_49;2016
Sprawozdanie MZ-49 2016;MZ49/0003099/PSSE/2016/2;zamknięte;PSSE Gołdap;MZ_49;2016
